"id","label","2024","2023","2022"
CZ10, Praha, 1384732, 1357326, 1275406
CZ20, Středočeský kraj, 1455940, 1439391, 1386824
CZ31, Jihočeský kraj, 654505, 652303, 637047
CZ32, Plzeňský kraj, 613374, 605388, 578707
CZ41, Karlovarský kraj, 295077, 293595, 283210
CZ42, Ústecký kraj, 811169, 812337, 798898
CZ51, Liberecký kraj, 450728, 449177, 437570
CZ52, Královéhradecký kraj, 556949, 555267, 542583
CZ53, Pardubický kraj, 530560, 528761, 514518
CZ63, Kraj Vysočina, 517960, 514777, 504025
CZ64, Jihomoravský kraj, 1226749, 1217200, 1184568
CZ71, Olomoucký kraj, 632864, 631802, 622930
CZ72, Zlínský kraj, 580744, 580531, 572432
CZ80, Moravskoslezský kraj, 1189204, 1189674, 1177989
