"id","parent_id1","parent_id2","parent_id3","name","label"
74,97,0,0,"PŘ – BESIP","Na úseku BESIP a silničního hospodářství"
75,97,0,0,"PŘ – alkohol a toxi","Na úseku ochrany před alkoholismem toxikomanií"
76,97,0,0,"PŘ – veřejný pořádek","Proti veřejnému pořádku a občanskému soužití"
77,97,0,0,"PŘ – majetek","Proti majetku"
78,97,0,0,"PŘ – ostatní","Ostatní přestupky"
107,97,76,0,"PŘ – veřejný pořádek","Proti veřejnému pořádku"
108,97,76,0,"PŘ – křivé obvinění","Přestupky křivého obvinění"
109,97,76,0,"PŘ – obecní značení","Proti obecnímu značení a vzhledu obce"
110,97,76,0,"PŘ – ostatní","Ostatní"
111,97,76,0,"PŘ – občanské soužití","Proti občanskému soužití"
112,97,75,0,"PŘ – alkohol řidič","Alkohol řidič"
113,97,75,112,"PŘ – alkohol řidič mot. vozidel","Alkohol řidič mot. vozidel"
114,97,75,112,"PŘ – alkohol řidič nemot. vozidel","Alkohol řidič nemot. vozidel"
115,97,75,0,"PŘ – alkohol ostatní","Alkohol ostatní"
116,97,75,115,"PŘ – alkohol ostatní","Alkohol ostatní"
117,97,75,115,"PŘ – alkohol osoba mladší 18 let","Alkohol osoba mladší 18 let"
118,97,75,0,"PŘ – toxikomanie řidič","Toxikomanie řidič"
119,97,75,0,"PŘ – toxikomanie ostatní","Toxikomanie ostatní"
120,97,74,0,"PŘ – BESIP mimo alkohol a toxi","BESIP mimo alkohol a toxi"
121,97,74,0,"PŘ – Doprava a siln. hospodářství z.č. 200/1990","Doprava a siln. hospodářství z.č. 200/1990"
122,97,74,0,"PŘ – Oznámení přestupku - mimo alkohol","Oznámení přestupku - mimo alkohol"
123,97,74,0,"PŘ – Odtahy vozidel","Odtahy vozidel"
124,97,74,0,"PŘ – Rychlost","Rychlost"
125,97,74,0,"PŘ – Dle § 61 odst. 1 písm a) z.č. 273/2008","Dle § 61 odst. 1 písm a) z.č. 273/2008"
126,97,74,0,"PŘ – Euroformulář","Euroformulář"
127,97,78,0,"PŘ – Na úseku střeliva","Na úseku střeliva"
128,97,78,0,"PŘ – Na úseku používání výbušnin","Na úseku používání výbušnin"
129,97,78,0,"PŘ – Na úseku obrany České republiky","Na úseku obrany České republiky"
130,97,78,0,"PŘ – Na úseku zemědělství myslivosti a rybářství","Na úseku zemědělství myslivosti a rybářství"
131,97,78,0,"PŘ – Ze zákona o pobytu cizinců","Ze zákona o pobytu cizinců"
132,97,78,0,"PŘ – Ostatní přestupky","Ostatní přestupky"
97,0,0,0,"Přestupky","Přestupky"
