district,num_records_2023,popularity_x,num_records_2022,popularity_y
 Jihomoravský kraj,16298,1217200,16885,1184568
 Jihočeský kraj,7701,652303,7721,637047
 Karlovarský kraj,4666,293595,4562,283210
 Kraj Vysočina,4796,514777,4657,504025
 Královéhradecký kraj,6027,555267,5853,542583
 Liberecký kraj,7718,449177,8428,437570
 Moravskoslezský kraj,19350,1189674,19621,1177989
 Olomoucký kraj,8099,631802,7976,622930
 Pardubický kraj,4306,528761,4553,514518
 Plzeňský kraj,9133,605388,9510,578707
 Praha,35516,1357326,35250,1275406
 Středočeský kraj,18974,1439391,18981,1386824
 Zlínský kraj,5610,580531,5504,572432
 Ústecký kraj,13893,812337,14264,798898
